sector,symbol,company,announcement_id,date,fiscal_year,title,source_url,attachment_url,file
Development Banks,CORBL,Corporate Development Bank Limited,67425,2026-09-16,083-084,"Corporate Development Bank Limited has published a notice regarding new interest rate on deposit, loan and advances which is going to be effective from Ashwin 01, 2083",https://merolagani.com/AnnouncementDetail.aspx?id=67425,https://images.merolagani.com//Uploads/Repository/639251393071781414.gif,Development Banks/CORBL - Corporate Development Bank Limited/2026-09-16_CORBL_67425.gif
Development Banks,GBBL,Garima Bikas Bank Limited,67424,2026-09-16,083-084,"Garima Bikas Bank Limited has published a notice regarding the new interest rate for its deposits, loans & advances which is going to be effective from Ashwin 01, 2083",https://merolagani.com/AnnouncementDetail.aspx?id=67424,https://images.merolagani.com//Uploads/Repository/639251471665277702.gif,Development Banks/GBBL - Garima Bikas Bank Limited/2026-09-16_GBBL_67424.gif
Development Banks,GRDBL,Green Development Bank Ltd.,67423,2026-09-16,083-084,"Green Development Bank Limited has published a notice regarding new interest rate on deposit, loan & advance which is going to be effective from Ashwin 01, 2083",https://merolagani.com/AnnouncementDetail.aspx?id=67423,https://images.merolagani.com//Uploads/Repository/639251351081689096.gif,Development Banks/GRDBL - Green Development Bank Ltd/2026-09-16_GRDBL_67423.gif
Development Banks,JBBL,Jyoti Bikas Bank Limited,67422,2026-09-16,083-084,"Jyoti Bikas Bank Limited has published a notice regarding new interest rates on deposit, loan and advances which is going to be effective from Ashwin 01, 2083",https://merolagani.com/AnnouncementDetail.aspx?id=67422,https://images.merolagani.com//Uploads/Repository/639251493867112210.gif,Development Banks/JBBL - Jyoti Bikas Bank Limited/2026-09-16_JBBL_67422.gif
Development Banks,KSBBL,Kamana Sewa Bikas Bank Limited,67421,2026-09-16,083-084,"Kamana Sewa Bikas Bank Limited has published a notice regarding new interest rate on deposits, loans & advances which is going to be effective from Ashwin 01, 2083",https://merolagani.com/AnnouncementDetail.aspx?id=67421,https://images.merolagani.com//Uploads/Repository/639251421095025264.gif,Development Banks/KSBBL - Kamana Sewa Bikas Bank Limited/2026-09-16_KSBBL_67421.gif
Development Banks,LBBL,Lumbini Bikas Bank Ltd.,67420,2026-09-16,083-084,"Lumbini Bikash Bank Limited has published a notice regarding new interest rate on deposit and loan which is going to be effective from Ashwin 01, 2083",https://merolagani.com/AnnouncementDetail.aspx?id=67420,https://images.merolagani.com//Uploads/Repository/639251506860642368.gif,Development Banks/LBBL - Lumbini Bikas Bank Ltd/2026-09-16_LBBL_67420.gif
Development Banks,MLBL,Mahalaxmi Bikas Bank Ltd.,67419,2026-09-16,083-084,"Mahalaxmi Bikas Bank Limited has published a notice regarding new interest rate on deposit, loan & advances which is going to be effective from Ashwin 01, 2083",https://merolagani.com/AnnouncementDetail.aspx?id=67419,https://images.merolagani.com//Uploads/Repository/639251463343815465.gif,Development Banks/MLBL - Mahalaxmi Bikas Bank Ltd/2026-09-16_MLBL_67419.gif
Development Banks,MNBBL,Muktinath Bikas Bank Ltd.,67418,2026-09-16,083-084,"Muktinath Bikas Bank Limited has published a notice regarding new interest rate on deposits and loans which is going to be effectively from Ashwin 01, 2083",https://merolagani.com/AnnouncementDetail.aspx?id=67418,https://images.merolagani.com//Uploads/Repository/639251404219896088.gif,Development Banks/MNBBL - Muktinath Bikas Bank Ltd/2026-09-16_MNBBL_67418.gif
Development Banks,NABBC,Narayani Development Bank Limited,67417,2026-09-16,083-084,"Narayani Development Bank Limited has published a notice regarding interest rate on deposit, loan & advances which is going to be effective from Ashwin 01, 2083",https://merolagani.com/AnnouncementDetail.aspx?id=67417,https://images.merolagani.com//Uploads/Repository/639251502266744472.gif,Development Banks/NABBC - Narayani Development Bank Limited/2026-09-16_NABBC_67417.gif
Development Banks,SABBL,Salapa Bikas Bank Limited,67416,2026-09-16,083-084,"Salapa Bikas Bank Limited has published a notice regarding new interest rate on deposits and loans product which is going to be effective from Ashwin 01, 2083",https://merolagani.com/AnnouncementDetail.aspx?id=67416,https://images.merolagani.com//Uploads/Repository/639251420156134172.gif,Development Banks/SABBL - Salapa Bikas Bank Limited/2026-09-16_SABBL_67416.gif
Development Banks,SADBL,Shangrila Development Bank Ltd.,67415,2026-09-16,083-084,"Shangri-la Development Bank Limited has published a notice regarding its new interest rate on deposit and loan which is going to be effective from Ashwin 01, 2083",https://merolagani.com/AnnouncementDetail.aspx?id=67415,https://images.merolagani.com//Uploads/Repository/639251385131433610.gif,Development Banks/SADBL - Shangrila Development Bank Ltd/2026-09-16_SADBL_67415.gif
Development Banks,SHINE,Shine Resunga Development Bank Ltd.,67414,2026-09-16,083-084,"Shine Resunga Development Bank Limited has published a notice regarding a new interest rate on deposit, loan and advances which is going to be effective from Ashwin 01, 2083",https://merolagani.com/AnnouncementDetail.aspx?id=67414,https://images.merolagani.com//Uploads/Repository/639251504997347823.gif,Development Banks/SHINE - Shine Resunga Development Bank Ltd/2026-09-16_SHINE_67414.gif
Development Banks,SINDU,Sindhu Bikash Bank Ltd,67413,2026-09-16,083-084,"Sindu Bikas Bank Limited has published a notice regarding new interest rate on deposit and loan which is going to be effective from Ashwin 01, 2083",https://merolagani.com/AnnouncementDetail.aspx?id=67413,https://images.merolagani.com//Uploads/Repository/639251498551710161.gif,Development Banks/SINDU - Sindhu Bikash Bank Ltd/2026-09-16_SINDU_67413.gif
Development Banks,CORBL,Corporate Development Bank Limited,66797,2026-08-16,083-084,"Corporate Development Bank Limited has published a notice regarding new interest rate on deposit, loan and advances which is going to be effective from Bhadra 01, 2083",https://merolagani.com/AnnouncementDetail.aspx?id=66797,https://images.merolagani.com//Uploads/Repository/639224610680993686.gif,Development Banks/CORBL - Corporate Development Bank Limited/2026-08-16_CORBL_66797.gif
Development Banks,GBBL,Garima Bikas Bank Limited,66796,2026-08-16,083-084,"Garima Bikas Bank Limited has published a notice regarding the new interest rate for its deposits, loans & advances which is going to be effective from Bhadra 01, 2083",https://merolagani.com/AnnouncementDetail.aspx?id=66796,https://images.merolagani.com//Uploads/Repository/639224622818433750.gif,Development Banks/GBBL - Garima Bikas Bank Limited/2026-08-16_GBBL_66796.gif
Development Banks,JBBL,Jyoti Bikas Bank Limited,66794,2026-08-16,083-084,"Jyoti Bikas Bank Limited has published a notice regarding new interest rates on deposit, loan and advances which is going to be effective from Bhadra 01, 2083",https://merolagani.com/AnnouncementDetail.aspx?id=66794,https://images.merolagani.com//Uploads/Repository/639224690990135717.gif,Development Banks/JBBL - Jyoti Bikas Bank Limited/2026-08-16_JBBL_66794.gif
Development Banks,KSBBL,Kamana Sewa Bikas Bank Limited,66793,2026-08-16,083-084,"Kamana Sewa Bikas Bank Limited has published a notice regarding new interest rate on deposits, loans & advances which is going to be effective from Bhadra 01, 2083",https://merolagani.com/AnnouncementDetail.aspx?id=66793,https://images.merolagani.com//Uploads/Repository/639224590983811780.gif,Development Banks/KSBBL - Kamana Sewa Bikas Bank Limited/2026-08-16_KSBBL_66793.gif
Development Banks,LBBL,Lumbini Bikas Bank Ltd.,66792,2026-08-16,083-084,"Lumbini Bikash Bank Limited has published a notice regarding new interest rate on deposit and loan which is going to be effective from Bhadra 01, 2083",https://merolagani.com/AnnouncementDetail.aspx?id=66792,https://images.merolagani.com//Uploads/Repository/639224581786224487.gif,Development Banks/LBBL - Lumbini Bikas Bank Ltd/2026-08-16_LBBL_66792.gif
Development Banks,MLBL,Mahalaxmi Bikas Bank Ltd.,66791,2026-08-16,083-084,"Mahalaxmi Bikas Bank Limited has published a notice regarding new interest rate on deposit, loan & advances which is going to be effective from Bhadra 01, 2083",https://merolagani.com/AnnouncementDetail.aspx?id=66791,https://images.merolagani.com//Uploads/Repository/639224579355859781.gif,Development Banks/MLBL - Mahalaxmi Bikas Bank Ltd/2026-08-16_MLBL_66791.gif
Development Banks,MNBBL,Muktinath Bikas Bank Ltd.,66790,2026-08-16,083-084,"Muktinath Bikas Bank Limited has published a notice regarding new interest rate on deposits and loans which is going to be effectively from Bhadra 01, 2083",https://merolagani.com/AnnouncementDetail.aspx?id=66790,https://images.merolagani.com//Uploads/Repository/639224596853540994.gif,Development Banks/MNBBL - Muktinath Bikas Bank Ltd/2026-08-16_MNBBL_66790.gif
Development Banks,NABBC,Narayani Development Bank Limited,66789,2026-08-16,083-084,"Narayani Development Bank Limited has published a notice regarding interest rate on deposit, loan & advances which is going to be effective from Bhadra 01, 2083",https://merolagani.com/AnnouncementDetail.aspx?id=66789,https://images.merolagani.com//Uploads/Repository/639224736799717381.gif,Development Banks/NABBC - Narayani Development Bank Limited/2026-08-16_NABBC_66789.gif
Development Banks,SADBL,Shangrila Development Bank Ltd.,66787,2026-08-16,083-084,"Shangri-la Development Bank Limited has published a notice regarding its new interest rate on deposit and loan which is going to be effective from Bhadra 01, 2083",https://merolagani.com/AnnouncementDetail.aspx?id=66787,https://images.merolagani.com//Uploads/Repository/639224614239522148.gif,Development Banks/SADBL - Shangrila Development Bank Ltd/2026-08-16_SADBL_66787.gif
Development Banks,SHINE,Shine Resunga Development Bank Ltd.,66786,2026-08-16,083-084,"Shine Resunga Development Bank Limited has published a notice regarding a new interest rate on deposit, loan and advances which is going to be effective from Bhadra 01, 2083",https://merolagani.com/AnnouncementDetail.aspx?id=66786,https://images.merolagani.com//Uploads/Repository/639224685383795999.gif,Development Banks/SHINE - Shine Resunga Development Bank Ltd/2026-08-16_SHINE_66786.gif
Development Banks,SINDU,Sindhu Bikash Bank Ltd,66785,2026-08-16,083-084,"Sindu Bikas Bank Limited has published a notice regarding new interest rate on fixed deposit which is going to be effective from Bhadra 01, 2083",https://merolagani.com/AnnouncementDetail.aspx?id=66785,https://images.merolagani.com//Uploads/Repository/639224665384799374.gif,Development Banks/SINDU - Sindhu Bikash Bank Ltd/2026-08-16_SINDU_66785.gif
Development Banks,GRDBL,Green Development Bank Ltd.,67049,2026-08-15,083-084,"Green Development Bank Limited has published a notice regarding new interest rate on deposit, loan & advance which is going to be effective from Bhadra 01, 2083",https://merolagani.com/AnnouncementDetail.aspx?id=67049,https://images.merolagani.com//Uploads/Repository/639224085589533597.gif,Development Banks/GRDBL - Green Development Bank Ltd/2026-08-15_GRDBL_67049.gif
Development Banks,SABBL,Salapa Bikas Bank Limited,67039,2026-08-14,083-084,"Salapa Bikas Bank Limited has published a notice regarding new interest rate on deposits and loans product which is going to be effective from Bhadra 01, 2083",https://merolagani.com/AnnouncementDetail.aspx?id=67039,https://images.merolagani.com//Uploads/Repository/639223036834163334.gif,Development Banks/SABBL - Salapa Bikas Bank Limited/2026-08-14_SABBL_67039.gif
Development Banks,SINDU,Sindhu Bikash Bank Ltd,66570,2026-07-29,083-084,"Sindu Bikas Bank Limited has made correction on its new interest rate on institutional fixed deposit which is going to be effective for the month of Shrawan, 2083",https://merolagani.com/AnnouncementDetail.aspx?id=66570,https://images.merolagani.com//Uploads/Repository/639209104617006177.gif,Development Banks/SINDU - Sindhu Bikash Bank Ltd/2026-07-29_SINDU_66570.gif
Development Banks,CORBL,Corporate Development Bank Limited,66418,2026-07-16,083-084,"Corporate Development Bank Limited has published a notice regarding new interest rate on deposit, loan and advances which is going to be effective from Shrawan 01, 2083",https://merolagani.com/AnnouncementDetail.aspx?id=66418,https://images.merolagani.com//Uploads/Repository/639197913651401526.gif,Development Banks/CORBL - Corporate Development Bank Limited/2026-07-16_CORBL_66418.gif
Development Banks,GBBL,Garima Bikas Bank Limited,66396,2026-07-16,083-084,"Garima Bikas Bank Limited has published a notice regarding the new interest rate for its deposits, loans & advances which is going to be effective from Shrawan 01, 2083",https://merolagani.com/AnnouncementDetail.aspx?id=66396,https://images.merolagani.com//Uploads/Repository/639197645586330476.jpg,Development Banks/GBBL - Garima Bikas Bank Limited/2026-07-16_GBBL_66396.jpg
Development Banks,GRDBL,Green Development Bank Ltd.,66395,2026-07-16,083-084,"Green Development Bank Limited has published a notice regarding new interest rate on deposit, loan & advance which is going to be effective from Shrawan 01, 2083",https://merolagani.com/AnnouncementDetail.aspx?id=66395,https://images.merolagani.com//Uploads/Repository/639197685123009245.jpg,Development Banks/GRDBL - Green Development Bank Ltd/2026-07-16_GRDBL_66395.jpg
Development Banks,JBBL,Jyoti Bikas Bank Limited,66394,2026-07-16,083-084,"Jyoti Bikas Bank Limited has published a notice regarding new interest rates on deposit, loan and advances which is going to be effective from Shrawan 01, 2083",https://merolagani.com/AnnouncementDetail.aspx?id=66394,https://images.merolagani.com//Uploads/Repository/639197936649344259.gif,Development Banks/JBBL - Jyoti Bikas Bank Limited/2026-07-16_JBBL_66394.gif
Development Banks,KSBBL,Kamana Sewa Bikas Bank Limited,66393,2026-07-16,083-084,"Kamana Sewa Bikas Bank Limited has published a notice regarding new interest rate on deposits, loans & advances which is going to be effective from Shrawan 01, 2083",https://merolagani.com/AnnouncementDetail.aspx?id=66393,https://images.merolagani.com//Uploads/Repository/639197848488817130.gif,Development Banks/KSBBL - Kamana Sewa Bikas Bank Limited/2026-07-16_KSBBL_66393.gif
Development Banks,LBBL,Lumbini Bikas Bank Ltd.,66392,2026-07-16,083-084,"Lumbini Bikash Bank Limited has published a notice regarding new interest rate on deposit and loan which is going to be effective from Shrawan 01, 2083",https://merolagani.com/AnnouncementDetail.aspx?id=66392,https://images.merolagani.com//Uploads/Repository/639197647929949984.jpg,Development Banks/LBBL - Lumbini Bikas Bank Ltd/2026-07-16_LBBL_66392.jpg
Development Banks,MLBL,Mahalaxmi Bikas Bank Ltd.,66391,2026-07-16,083-084,"Mahalaxmi Bikas Bank Limited has published a notice regarding new interest rate on deposit, loan & advances which is going to be effective from Shrawan 01, 2083",https://merolagani.com/AnnouncementDetail.aspx?id=66391,https://images.merolagani.com//Uploads/Repository/639197852148311739.gif,Development Banks/MLBL - Mahalaxmi Bikas Bank Ltd/2026-07-16_MLBL_66391.gif
Development Banks,MNBBL,Muktinath Bikas Bank Ltd.,66390,2026-07-16,083-084,"Muktinath Bikas Bank Limited has published a notice regarding new interest rate on deposits and loans which is going to be effectively from Shrawan 01, 2083",https://merolagani.com/AnnouncementDetail.aspx?id=66390,https://images.merolagani.com//Uploads/Repository/639197855086679772.gif,Development Banks/MNBBL - Muktinath Bikas Bank Ltd/2026-07-16_MNBBL_66390.gif
Development Banks,NABBC,Narayani Development Bank Limited,66389,2026-07-16,083-084,"Narayani Development Bank Limited has published a notice regarding interest rate on deposit, loan & advances which is going to be effective from Shrawan 01, 2083",https://merolagani.com/AnnouncementDetail.aspx?id=66389,https://images.merolagani.com//Uploads/Repository/639197938754584626.gif,Development Banks/NABBC - Narayani Development Bank Limited/2026-07-16_NABBC_66389.gif
Development Banks,SABBL,Salapa Bikas Bank Limited,66388,2026-07-16,083-084,"Salapa Bikas Bank Limited has published a notice regarding new interest rate on deposits and loans product which is going to be effective from Shrawan 01, 2083",https://merolagani.com/AnnouncementDetail.aspx?id=66388,https://images.merolagani.com//Uploads/Repository/639197838834986719.gif,Development Banks/SABBL - Salapa Bikas Bank Limited/2026-07-16_SABBL_66388.gif
Development Banks,SADBL,Shangrila Development Bank Ltd.,66387,2026-07-16,083-084,"Shangri-la Development Bank Limited has published a notice regarding its new interest rate on deposit and loan which is going to be effective from Shrawan 01, 2083",https://merolagani.com/AnnouncementDetail.aspx?id=66387,https://images.merolagani.com//Uploads/Repository/639197849149362420.gif,Development Banks/SADBL - Shangrila Development Bank Ltd/2026-07-16_SADBL_66387.gif
Development Banks,SHINE,Shine Resunga Development Bank Ltd.,66386,2026-07-16,083-084,"Shine Resunga Development Bank Limited has published a notice regarding a new interest rate on deposit, loan and advances which is going to be effective from Shrawan 01, 2083",https://merolagani.com/AnnouncementDetail.aspx?id=66386,https://images.merolagani.com//Uploads/Repository/639197923592193502.gif,Development Banks/SHINE - Shine Resunga Development Bank Ltd/2026-07-16_SHINE_66386.gif
Development Banks,SINDU,Sindhu Bikash Bank Ltd,66385,2026-07-16,083-084,"Sindu Bikas Bank Limited has published a notice regarding new interest rate on fixed deposit which is going to be effective from Shrawan 01, 2083",https://merolagani.com/AnnouncementDetail.aspx?id=66385,https://images.merolagani.com//Uploads/Repository/639197927251961049.gif,Development Banks/SINDU - Sindhu Bikash Bank Ltd/2026-07-16_SINDU_66385.gif
Commercial Banks,SCB,Standard Chartered Bank Limited,67526,2026-09-22,083-084,"Standard Chartered Bank Nepal Limited has published a notice regarding the amendments to the interest rate on fixed deposits which is going to be effective from Ashwin 01, 2083",https://merolagani.com/AnnouncementDetail.aspx?id=67526,https://images.merolagani.com//Uploads/Repository/639256595187332732.gif,Commercial Banks/SCB - Standard Chartered Bank Limited/2026-09-22_SCB_67526.gif
Commercial Banks,EBL,Everest Bank Limited,67385,2026-09-17,083-084,"Everest Bank Limited has made correction on its new interest rate on normal fixed deposit (NPR) which is going to be effective from Ashwin 01, 2083",https://merolagani.com/AnnouncementDetail.aspx?id=67385,https://images.merolagani.com//Uploads/Repository/639252232554676832.gif,Commercial Banks/EBL - Everest Bank Limited/2026-09-17_EBL_67385.gif
Commercial Banks,ADBL,Agriculture Development Bank Limited,67446,2026-09-16,083-084,"Agricultural Development Bank Limited has published a notice regarding new interest rate on deposit and loan which is going to be effective from Ashwin 01, 2083",https://merolagani.com/AnnouncementDetail.aspx?id=67446,https://images.merolagani.com//Uploads/Repository/639251515389644709.gif,Commercial Banks/ADBL - Agriculture Development Bank Limited/2026-09-16_ADBL_67446.gif
Commercial Banks,CZBIL,Citizen Bank International Limited,67445,2026-09-16,083-084,"Citizens Bank International Limited has published a notice regarding new interest rate on deposit and loan products which is going to be effective from Ashwin 01, 2083",https://merolagani.com/AnnouncementDetail.aspx?id=67445,https://images.merolagani.com//Uploads/Repository/639251431401150188.gif,Commercial Banks/CZBIL - Citizen Bank International Limited/2026-09-16_CZBIL_67445.gif
Commercial Banks,EBL,Everest Bank Limited,67444,2026-09-16,083-084,"Everest Bank Limited has published a notice regarding new interest rate on deposit and loan products which is going to be effective from Ashwin 01, 2083",https://merolagani.com/AnnouncementDetail.aspx?id=67444,https://images.merolagani.com//Uploads/Repository/639251490231034888.gif,Commercial Banks/EBL - Everest Bank Limited/2026-09-16_EBL_67444.gif
Commercial Banks,GBIME,Global IME Bank Limited,67443,2026-09-16,083-084,"Global IME Bank Limited has published a notice regarding new interest rate on deposit loans and advances which is going to be effective from Ashwin 01, 2083",https://merolagani.com/AnnouncementDetail.aspx?id=67443,https://images.merolagani.com//Uploads/Repository/639251393302581579.gif,Commercial Banks/GBIME - Global IME Bank Limited/2026-09-16_GBIME_67443.gif
Commercial Banks,HBL,Himalayan Bank Limited,67442,2026-09-16,083-084,"Himalayan Bank Limited has published a notice regarding new interest rate on various deposit and loan products which is going to be effective from Ashwin 01, 2083",https://merolagani.com/AnnouncementDetail.aspx?id=67442,https://images.merolagani.com//Uploads/Repository/639251405773086161.gif,Commercial Banks/HBL - Himalayan Bank Limited/2026-09-16_HBL_67442.gif
Commercial Banks,KBL,Kumari Bank Limited,67441,2026-09-16,083-084,"Kumari Bank Limited has published a notice regarding the new interest rate on deposit, loan and advance which is going to be effective from Ashwin 01, 2083",https://merolagani.com/AnnouncementDetail.aspx?id=67441,https://images.merolagani.com//Uploads/Repository/639251462034158861.gif,Commercial Banks/KBL - Kumari Bank Limited/2026-09-16_KBL_67441.gif
Commercial Banks,LSL,Laxmi Sunrise Bank Limited,67440,2026-09-16,083-084,"Laxmi Sunrise Bank Limited has published a notice regarding new interest rate on deposits which is going to be effective from Ashwin 01, 2083",https://merolagani.com/AnnouncementDetail.aspx?id=67440,https://images.merolagani.com//Uploads/Repository/639251493598507041.gif,Commercial Banks/LSL - Laxmi Sunrise Bank Limited/2026-09-16_LSL_67440.gif
Commercial Banks,MBL,Machhapuchchhre Bank Limited,67439,2026-09-16,083-084,"Machhapuchchhre Bank Limited has published a notice regarding the new interest rate on Deposit and loan which is going to be effective from Ashwin 01, 2083",https://merolagani.com/AnnouncementDetail.aspx?id=67439,https://images.merolagani.com//Uploads/Repository/639251386414460287.gif,Commercial Banks/MBL - Machhapuchchhre Bank Limited/2026-09-16_MBL_67439.gif
Commercial Banks,NABIL,Nabil Bank Limited,67438,2026-09-16,083-084,"Nabil Bank Limited published a notice regarding the new interest rate on deposits and loans which is going to be effective from Ashwin 01, 2083",https://merolagani.com/AnnouncementDetail.aspx?id=67438,https://images.merolagani.com//Uploads/Repository/639251403164100022.gif,Commercial Banks/NABIL - Nabil Bank Limited/2026-09-16_NABIL_67438.gif
Commercial Banks,NBL,Nepal Bank Limited,67437,2026-09-16,083-084,"Nepal Bank Limited has published a notice regarding new interest rate on deposits, loans and advances which is going to be effective from Ashwin 01, 2083",https://merolagani.com/AnnouncementDetail.aspx?id=67437,https://images.merolagani.com//Uploads/Repository/639251354794513597.gif,Commercial Banks/NBL - Nepal Bank Limited/2026-09-16_NBL_67437.gif
Commercial Banks,NICA,NIC Asia Bank Ltd.,67436,2026-09-16,083-084,"NIC Asia Bank Limited has published a notice regarding new interest rate on deposit, loan and advances which is going to be effective from Ashwin 01, 2083",https://merolagani.com/AnnouncementDetail.aspx?id=67436,https://images.merolagani.com//Uploads/Repository/639251400983164097.gif,Commercial Banks/NICA - NIC Asia Bank Ltd/2026-09-16_NICA_67436.gif
Commercial Banks,NIMB,Nepal Investment Mega Bank Limited,67435,2026-09-16,083-084,"Nepal Investment Mega Bank Limited has published a notice regarding new interest rate on deposits, loans and advances which is going to be effective from Ashwin 01, 2083",https://merolagani.com/AnnouncementDetail.aspx?id=67435,https://images.merolagani.com//Uploads/Repository/639251495250546612.gif,Commercial Banks/NIMB - Nepal Investment Mega Bank Limited/2026-09-16_NIMB_67435.gif
Commercial Banks,NMB,NMB Bank Limited,67434,2026-09-16,083-084,"NMB Bank Limited has published a notice regarding new interest rate on deposit and loan products which is going to be effective from Ashwin 01, 2083",https://merolagani.com/AnnouncementDetail.aspx?id=67434,https://images.merolagani.com//Uploads/Repository/639251392803077083.gif,Commercial Banks/NMB - NMB Bank Limited/2026-09-16_NMB_67434.gif
Commercial Banks,PCBL,Prime Commercial Bank Ltd.,67433,2026-09-16,083-084,"Prime Commercial Bank Limited has published a notice regarding new interest rate on deposit and lending rates which is going to be effective from Ashwin 01, 2083",https://merolagani.com/AnnouncementDetail.aspx?id=67433,https://images.merolagani.com//Uploads/Repository/639251399380764446.gif,Commercial Banks/PCBL - Prime Commercial Bank Ltd/2026-09-16_PCBL_67433.gif
Commercial Banks,PRVU,Prabhu Bank Limited,67432,2026-09-16,083-084,"Prabhu Bank Limited has published a notice regarding new interest rate on deposit and lending rates which is going to be effective from Ashwin 01, 2083",https://merolagani.com/AnnouncementDetail.aspx?id=67432,https://images.merolagani.com//Uploads/Repository/639251469322640583.gif,Commercial Banks/PRVU - Prabhu Bank Limited/2026-09-16_PRVU_67432.gif
Commercial Banks,RBB,Rastriya Banijya Bank Limited,67430,2026-09-16,083-084,"Rastriya Banijya Bank Limited has published a notice regarding new interest rate on deposit and loan which is going to be effective from Ashwin 01, 2083",https://merolagani.com/AnnouncementDetail.aspx?id=67430,https://images.merolagani.com//Uploads/Repository/639251397729856069.gif,Commercial Banks/RBB - Rastriya Banijya Bank Limited/2026-09-16_RBB_67430.gif
Commercial Banks,SANIMA,Sanima Bank Limited,67429,2026-09-16,083-084,"Sanima Bank Limited has published a notice regarding new interest rate on deposit and loan which is going to be effective from Ashwin 01, 2083",https://merolagani.com/AnnouncementDetail.aspx?id=67429,https://images.merolagani.com//Uploads/Repository/639251473621869663.gif,Commercial Banks/SANIMA - Sanima Bank Limited/2026-09-16_SANIMA_67429.gif
Commercial Banks,SBI,Nepal SBI Bank Limited,67428,2026-09-16,083-084,"Nepal SBI Bank Limited has published a notice regarding new interest rate on deposits, loans & advances which is going to be effective from Ashwin 01, 2083",https://merolagani.com/AnnouncementDetail.aspx?id=67428,https://images.merolagani.com//Uploads/Repository/639251390347514439.gif,Commercial Banks/SBI - Nepal SBI Bank Limited/2026-09-16_SBI_67428.gif
Commercial Banks,SBL,Siddhartha Bank Limited,67427,2026-09-16,083-084,"Siddhartha Bank Limited has published a notice regarding the new interest rate on deposits, loans and advances which is going to be effective from Ashwin 01, 2083",https://merolagani.com/AnnouncementDetail.aspx?id=67427,https://images.merolagani.com//Uploads/Repository/639251418508388980.gif,Commercial Banks/SBL - Siddhartha Bank Limited/2026-09-16_SBL_67427.gif
Commercial Banks,SCB,Standard Chartered Bank Limited,67426,2026-09-16,083-084,"Standard Chartered Bank Nepal Limited has published a notice regarding new interest rate on deposit and lending rates which is going to be effective from Ashwin 01, 2083",https://merolagani.com/AnnouncementDetail.aspx?id=67426,https://images.merolagani.com//Uploads/Repository/639251390102071021.gif,Commercial Banks/SCB - Standard Chartered Bank Limited/2026-09-16_SCB_67426.gif
Commercial Banks,ADBL,Agriculture Development Bank Limited,66818,2026-08-16,083-084,"Agricultural Development Bank Limited has published a notice regarding new interest rate on deposit and loan which is going to be effective from Bhadra 01, 2083",https://merolagani.com/AnnouncementDetail.aspx?id=66818,https://images.merolagani.com//Uploads/Repository/639224592713298960.gif,Commercial Banks/ADBL - Agriculture Development Bank Limited/2026-08-16_ADBL_66818.gif
Commercial Banks,CZBIL,Citizen Bank International Limited,66817,2026-08-16,083-084,"Citizens Bank International Limited has published a notice regarding new interest rate on deposit and loan products which is going to be effective from Bhadra 01, 2083",https://merolagani.com/AnnouncementDetail.aspx?id=66817,https://images.merolagani.com//Uploads/Repository/639224633975143724.gif,Commercial Banks/CZBIL - Citizen Bank International Limited/2026-08-16_CZBIL_66817.gif
Commercial Banks,EBL,Everest Bank Limited,66816,2026-08-16,083-084,"Everest Bank Limited has published a notice regarding new interest rate on deposit and loan products which is going to be effective from Bhadra 01, 2083",https://merolagani.com/AnnouncementDetail.aspx?id=66816,https://images.merolagani.com//Uploads/Repository/639224615481617043.gif,Commercial Banks/EBL - Everest Bank Limited/2026-08-16_EBL_66816.gif
Commercial Banks,GBIME,Global IME Bank Limited,66815,2026-08-16,083-084,"Global IME Bank Limited has published a notice regarding new interest rate on deposit loans and advances which is going to be effective from Bhadra 01, 2083",https://merolagani.com/AnnouncementDetail.aspx?id=66815,https://images.merolagani.com//Uploads/Repository/639224586251395441.gif,Commercial Banks/GBIME - Global IME Bank Limited/2026-08-16_GBIME_66815.gif
Commercial Banks,HBL,Himalayan Bank Limited,66814,2026-08-16,083-084,"Himalayan Bank Limited has published a notice regarding new interest rate on various deposit and loan products which will remain the same as of Shrawan and is going to be effective for the month of Bhadra, 2083",https://merolagani.com/AnnouncementDetail.aspx?id=66814,https://images.merolagani.com//Uploads/Repository/639224697035961433.gif,Commercial Banks/HBL - Himalayan Bank Limited/2026-08-16_HBL_66814.gif
Commercial Banks,KBL,Kumari Bank Limited,66813,2026-08-16,083-084,"Kumari Bank Limited has published a notice regarding the new interest rate on deposit, loan and advance which is going to be effective from Bhadra 01, 2083",https://merolagani.com/AnnouncementDetail.aspx?id=66813,https://images.merolagani.com//Uploads/Repository/639224664063518987.gif,Commercial Banks/KBL - Kumari Bank Limited/2026-08-16_KBL_66813.gif
Commercial Banks,LSL,Laxmi Sunrise Bank Limited,66812,2026-08-16,083-084,"Laxmi Sunrise Bank Limited has published a notice regarding new interest rate on deposits which is going to be effective from Bhadra 01, 2083",https://merolagani.com/AnnouncementDetail.aspx?id=66812,https://images.merolagani.com//Uploads/Repository/639224671676409745.gif,Commercial Banks/LSL - Laxmi Sunrise Bank Limited/2026-08-16_LSL_66812.gif
Commercial Banks,MBL,Machhapuchchhre Bank Limited,66811,2026-08-16,083-084,"Machhapuchchhre Bank Limited has published a notice regarding the new interest rate on Deposit and loan which is going to be effective from Bhadra 01, 2083",https://merolagani.com/AnnouncementDetail.aspx?id=66811,https://images.merolagani.com//Uploads/Repository/639224623077175910.gif,Commercial Banks/MBL - Machhapuchchhre Bank Limited/2026-08-16_MBL_66811.gif
Commercial Banks,NABIL,Nabil Bank Limited,66810,2026-08-16,083-084,"Nabil Bank Limited published a notice regarding the new interest rate on deposits and loans which is going to be effective from Bhadra 01, 2083",https://merolagani.com/AnnouncementDetail.aspx?id=66810,https://images.merolagani.com//Uploads/Repository/639224625063102138.gif,Commercial Banks/NABIL - Nabil Bank Limited/2026-08-16_NABIL_66810.gif
Commercial Banks,NBL,Nepal Bank Limited,66809,2026-08-16,083-084,"Nepal Bank Limited has published a notice regarding new interest rate on deposits, loans and advances which is going to be effective from Bhadra 01, 2083",https://merolagani.com/AnnouncementDetail.aspx?id=66809,https://images.merolagani.com//Uploads/Repository/639224629528123121.gif,Commercial Banks/NBL - Nepal Bank Limited/2026-08-16_NBL_66809.gif
Commercial Banks,NIMB,Nepal Investment Mega Bank Limited,66808,2026-08-16,083-084,"Nepal Investment Mega Bank Limited has published a notice regarding new interest rate on deposits, loans and advances which is going to be effective from Bhadra 01, 2083",https://merolagani.com/AnnouncementDetail.aspx?id=66808,https://images.merolagani.com//Uploads/Repository/639224577861737454.gif,Commercial Banks/NIMB - Nepal Investment Mega Bank Limited/2026-08-16_NIMB_66808.gif
Commercial Banks,SBI,Nepal SBI Bank Limited,66807,2026-08-16,083-084,"Nepal SBI Bank Limited has published a notice regarding new interest rate on deposits, loans & advances which is going to be effective from Bhadra 01, 2083",https://merolagani.com/AnnouncementDetail.aspx?id=66807,https://images.merolagani.com//Uploads/Repository/639224607119844705.gif,Commercial Banks/SBI - Nepal SBI Bank Limited/2026-08-16_SBI_66807.gif
Commercial Banks,NICA,NIC Asia Bank Ltd.,66806,2026-08-16,083-084,"NIC Asia Bank Limited has published a notice regarding new interest rate on deposit, loan and advances which is going to be effective from Bhadra 01, 2083",https://merolagani.com/AnnouncementDetail.aspx?id=66806,https://images.merolagani.com//Uploads/Repository/639224585123951395.gif,Commercial Banks/NICA - NIC Asia Bank Ltd/2026-08-16_NICA_66806.gif
Commercial Banks,NMB,NMB Bank Limited,66805,2026-08-16,083-084,"NMB Bank Limited has published a notice regarding new interest rate on deposit and loan products which is going to be effective from Bhadra 01, 2083",https://merolagani.com/AnnouncementDetail.aspx?id=66805,https://images.merolagani.com//Uploads/Repository/639224609521194409.gif,Commercial Banks/NMB - NMB Bank Limited/2026-08-16_NMB_66805.gif
Commercial Banks,PCBL,Prime Commercial Bank Ltd.,66804,2026-08-16,083-084,"Prime Commercial Bank Limited has published a notice regarding new interest rate on deposit and lending rates which is going to be effective from Bhadra 01, 2083",https://merolagani.com/AnnouncementDetail.aspx?id=66804,https://images.merolagani.com//Uploads/Repository/639224626156730999.gif,Commercial Banks/PCBL - Prime Commercial Bank Ltd/2026-08-16_PCBL_66804.gif
Commercial Banks,PRVU,Prabhu Bank Limited,66803,2026-08-16,083-084,"Prabhu Bank Limited has published a notice regarding new interest rate on deposit and lending rates which is going to be effective from Bhadra 01, 2083",https://merolagani.com/AnnouncementDetail.aspx?id=66803,https://images.merolagani.com//Uploads/Repository/639224595483310176.gif,Commercial Banks/PRVU - Prabhu Bank Limited/2026-08-16_PRVU_66803.gif
Commercial Banks,RBB,Rastriya Banijya Bank Limited,66802,2026-08-16,083-084,"Rastriya Banijya Bank Limited has published a notice regarding new interest rate on deposit which is going to be effective from Bhadra 01, 2083",https://merolagani.com/AnnouncementDetail.aspx?id=66802,https://images.merolagani.com//Uploads/Repository/639224605354050085.gif,Commercial Banks/RBB - Rastriya Banijya Bank Limited/2026-08-16_RBB_66802.gif
Commercial Banks,RBB,Rastriya Banijya Bank Limited,66801,2026-08-16,083-084,"Rastriya Banijya Bank Limited has published a notice regarding new interest rate on loan which is going to be effective from Bhadra 01, 2083",https://merolagani.com/AnnouncementDetail.aspx?id=66801,https://images.merolagani.com//Uploads/Repository/639224605195398734.gif,Commercial Banks/RBB - Rastriya Banijya Bank Limited/2026-08-16_RBB_66801.gif
Commercial Banks,SANIMA,Sanima Bank Limited,66800,2026-08-16,083-084,"Sanima Bank Limited has published a notice regarding new interest rate on deposit and loan which is going to be effective from Bhadra 01, 2083",https://merolagani.com/AnnouncementDetail.aspx?id=66800,https://images.merolagani.com//Uploads/Repository/639224587378264524.gif,Commercial Banks/SANIMA - Sanima Bank Limited/2026-08-16_SANIMA_66800.gif
Commercial Banks,SBL,Siddhartha Bank Limited,66799,2026-08-16,083-084,"Siddhartha Bank Limited has published a notice regarding the new interest rate on deposits, loans and advances which is going to be effective from Bhadra 01, 2083",https://merolagani.com/AnnouncementDetail.aspx?id=66799,https://images.merolagani.com//Uploads/Repository/639224632733898782.gif,Commercial Banks/SBL - Siddhartha Bank Limited/2026-08-16_SBL_66799.gif
Commercial Banks,SCB,Standard Chartered Bank Limited,66798,2026-08-16,083-084,"Standard Chartered Bank Nepal Limited has published a notice regarding new interest rate on deposit and lending rates which is going to be effective from Bhadra 01, 2083",https://merolagani.com/AnnouncementDetail.aspx?id=66798,https://images.merolagani.com//Uploads/Repository/639224590714930042.gif,Commercial Banks/SCB - Standard Chartered Bank Limited/2026-08-16_SCB_66798.gif
Commercial Banks,SBL,Siddhartha Bank Limited,4104,2026-07-17,083-084,"Siddhartha Bank Limited has published a notice regarding the new interest rate on loans and advances which is going to be effective from Shrawan 01, 2083",https://merolagani.com/AnnouncementDetail.aspx?id=4104,https://images.merolagani.com//Uploads/Repository/639198717399218530.gif,Commercial Banks/SBL - Siddhartha Bank Limited/2026-07-17_SBL_4104.gif
Commercial Banks,SBI,Nepal SBI Bank Limited,66417,2026-07-16,083-084,"Nepal SBI Bank Limited has published a notice regarding new interest rate on deposits, loans & advances which is going to be effective from Shrawan 01, 2083",https://merolagani.com/AnnouncementDetail.aspx?id=66417,https://images.merolagani.com//Uploads/Repository/639197911125601899.gif,Commercial Banks/SBI - Nepal SBI Bank Limited/2026-07-16_SBI_66417.gif
Commercial Banks,ADBL,Agriculture Development Bank Limited,66416,2026-07-16,083-084,"Agricultural Development Bank Limited has published a notice regarding new interest rate on deposit and loan which is going to be effective from Shrawan 01, 2083",https://merolagani.com/AnnouncementDetail.aspx?id=66416,https://images.merolagani.com//Uploads/Repository/639197785536427033.jpg,Commercial Banks/ADBL - Agriculture Development Bank Limited/2026-07-16_ADBL_66416.jpg
Commercial Banks,CZBIL,Citizen Bank International Limited,66415,2026-07-16,083-084,"Citizens Bank International Limited has published a notice regarding new interest rate on deposit and loan products which is going to be effective from Shrawan 01, 2083",https://merolagani.com/AnnouncementDetail.aspx?id=66415,https://images.merolagani.com//Uploads/Repository/639197875287773667.gif,Commercial Banks/CZBIL - Citizen Bank International Limited/2026-07-16_CZBIL_66415.gif
Commercial Banks,EBL,Everest Bank Limited,66414,2026-07-16,083-084,"Everest Bank Limited has published a notice regarding new interest rate on deposit and loan products which is going to be effective from Shrawan 01, 2083",https://merolagani.com/AnnouncementDetail.aspx?id=66414,https://images.merolagani.com//Uploads/Repository/639197849937728865.gif,Commercial Banks/EBL - Everest Bank Limited/2026-07-16_EBL_66414.gif
Commercial Banks,GBIME,Global IME Bank Limited,66413,2026-07-16,083-084,"Global IME Bank Limited has published a notice regarding new interest rate on deposit loans and advances which is going to be effective from Shrawan 01, 2083",https://merolagani.com/AnnouncementDetail.aspx?id=66413,https://images.merolagani.com//Uploads/Repository/639197846306199141.gif,Commercial Banks/GBIME - Global IME Bank Limited/2026-07-16_GBIME_66413.gif
Commercial Banks,HBL,Himalayan Bank Limited,66412,2026-07-16,083-084,"Himalayan Bank Limited has published a notice regarding new interest rate on various deposit and loan products which is going to be effective from Shrawan 01, 2083",https://merolagani.com/AnnouncementDetail.aspx?id=66412,https://images.merolagani.com//Uploads/Repository/639197829998828254.gif,Commercial Banks/HBL - Himalayan Bank Limited/2026-07-16_HBL_66412.gif
Commercial Banks,KBL,Kumari Bank Limited,66411,2026-07-16,083-084,"Kumari Bank Limited has published a notice regarding the new interest rate on deposit, loan and advance which is going to be effective from Shrawan 01, 2083",https://merolagani.com/AnnouncementDetail.aspx?id=66411,https://images.merolagani.com//Uploads/Repository/639197886020300836.gif,Commercial Banks/KBL - Kumari Bank Limited/2026-07-16_KBL_66411.gif
Commercial Banks,LSL,Laxmi Sunrise Bank Limited,66410,2026-07-16,083-084,"Laxmi Sunrise Bank Limited has published a notice regarding new interest rate on deposits which is going to be effective from Shrawan 01, 2083",https://merolagani.com/AnnouncementDetail.aspx?id=66410,https://images.merolagani.com//Uploads/Repository/639197881465208324.gif,Commercial Banks/LSL - Laxmi Sunrise Bank Limited/2026-07-16_LSL_66410.gif
Commercial Banks,MBL,Machhapuchchhre Bank Limited,66409,2026-07-16,083-084,"Machhapuchchhre Bank Limited has published a notice regarding the new interest rate on Deposit and loan which is going to be effective from Shrawan 01, 2083",https://merolagani.com/AnnouncementDetail.aspx?id=66409,https://images.merolagani.com//Uploads/Repository/639197863587418972.gif,Commercial Banks/MBL - Machhapuchchhre Bank Limited/2026-07-16_MBL_66409.gif
Commercial Banks,NABIL,Nabil Bank Limited,66408,2026-07-16,083-084,"Nabil Bank Limited published a notice regarding the new interest rate on deposits and loans which is going to be effective from Shrawan 01, 2083",https://merolagani.com/AnnouncementDetail.aspx?id=66408,https://images.merolagani.com//Uploads/Repository/639197829033275422.gif,Commercial Banks/NABIL - Nabil Bank Limited/2026-07-16_NABIL_66408.gif
Commercial Banks,NBL,Nepal Bank Limited,66407,2026-07-16,083-084,"Nepal Bank Limited has published a notice regarding new interest rate on deposits, loans and advances which is going to be effective from Shrawan 01, 2083",https://merolagani.com/AnnouncementDetail.aspx?id=66407,https://images.merolagani.com//Uploads/Repository/639197787039249351.jpg,Commercial Banks/NBL - Nepal Bank Limited/2026-07-16_NBL_66407.jpg
Commercial Banks,NIMB,Nepal Investment Mega Bank Limited,66406,2026-07-16,083-084,"Nepal Investment Mega Bank Limited has published a notice regarding new interest rate on deposits, loans and advances which is going to be effective from Shrawan 01, 2083",https://merolagani.com/AnnouncementDetail.aspx?id=66406,https://images.merolagani.com//Uploads/Repository/639197632699728071.jpg,Commercial Banks/NIMB - Nepal Investment Mega Bank Limited/2026-07-16_NIMB_66406.jpg
Commercial Banks,NICA,NIC Asia Bank Ltd.,66405,2026-07-16,083-084,"NIC Asia Bank Limited has published a notice regarding new interest rate on deposit, loan and advances which is going to be effective from Shrawan 01, 2083",https://merolagani.com/AnnouncementDetail.aspx?id=66405,https://images.merolagani.com//Uploads/Repository/639197854164184237.gif,Commercial Banks/NICA - NIC Asia Bank Ltd/2026-07-16_NICA_66405.gif
Commercial Banks,NMB,NMB Bank Limited,66404,2026-07-16,083-084,"NMB Bank Limited has published a notice regarding new interest rate on deposit and loan products which is going to be effective from Shrawan 01, 2083",https://merolagani.com/AnnouncementDetail.aspx?id=66404,https://images.merolagani.com//Uploads/Repository/639197851221199237.gif,Commercial Banks/NMB - NMB Bank Limited/2026-07-16_NMB_66404.gif
Commercial Banks,PCBL,Prime Commercial Bank Ltd.,66403,2026-07-16,083-084,"Prime Commercial Bank Limited has published a notice regarding new interest rate on deposit and lending rates which is going to be effective from Shrawan 01, 2083",https://merolagani.com/AnnouncementDetail.aspx?id=66403,https://images.merolagani.com//Uploads/Repository/639197833715281970.gif,Commercial Banks/PCBL - Prime Commercial Bank Ltd/2026-07-16_PCBL_66403.gif
Commercial Banks,PRVU,Prabhu Bank Limited,66402,2026-07-16,083-084,"Prabhu Bank Limited has published a notice regarding new interest rate on deposit and lending rates which is going to be effective from Shrawan 01, 2083",https://merolagani.com/AnnouncementDetail.aspx?id=66402,https://images.merolagani.com//Uploads/Repository/639197883560200279.gif,Commercial Banks/PRVU - Prabhu Bank Limited/2026-07-16_PRVU_66402.gif
Commercial Banks,RBB,Rastriya Banijya Bank Limited,66401,2026-07-16,083-084,"Rastriya Banijya Bank Limited has published a notice regarding new interest rate on deposit which is going to be effective from Shrawan 01, 2083",https://merolagani.com/AnnouncementDetail.aspx?id=66401,https://images.merolagani.com//Uploads/Repository/639197846088982329.gif,Commercial Banks/RBB - Rastriya Banijya Bank Limited/2026-07-16_RBB_66401.gif
Commercial Banks,RBB,Rastriya Banijya Bank Limited,66400,2026-07-16,083-084,"Rastriya Banijya Bank Limited has published a notice regarding new interest rate on loan which is going to be effective from Shrawan 01, 2083",https://merolagani.com/AnnouncementDetail.aspx?id=66400,https://images.merolagani.com//Uploads/Repository/639197845973841393.gif,Commercial Banks/RBB - Rastriya Banijya Bank Limited/2026-07-16_RBB_66400.gif
Commercial Banks,SANIMA,Sanima Bank Limited,66399,2026-07-16,083-084,"Sanima Bank Limited has published a notice regarding new interest rate on deposit and loan which is going to be effective from Shrawan 01, 2083",https://merolagani.com/AnnouncementDetail.aspx?id=66399,https://images.merolagani.com//Uploads/Repository/639197879185224809.gif,Commercial Banks/SANIMA - Sanima Bank Limited/2026-07-16_SANIMA_66399.gif
Commercial Banks,SBL,Siddhartha Bank Limited,66398,2026-07-16,083-084,"Siddhartha Bank Limited has published a notice regarding the new interest rate on deposits, loans and advances which is going to be effective from Shrawan 01, 2083",https://merolagani.com/AnnouncementDetail.aspx?id=66398,https://images.merolagani.com//Uploads/Repository/639197869758749834.gif,Commercial Banks/SBL - Siddhartha Bank Limited/2026-07-16_SBL_66398.gif
Commercial Banks,SCB,Standard Chartered Bank Limited,66397,2026-07-16,083-084,"Standard Chartered Bank Nepal Limited has published a notice regarding new interest rate on deposit and lending rates which is going to be effective from Shrawan 01, 2083",https://merolagani.com/AnnouncementDetail.aspx?id=66397,https://images.merolagani.com//Uploads/Repository/639197836993391927.gif,Commercial Banks/SCB - Standard Chartered Bank Limited/2026-07-16_SCB_66397.gif
