sector,symbol,company,announcement_id,date,fiscal_year,title,source_url,attachment_url,file
Development Banks,CORBL,Corporate Development Bank Limited,67425,2026-09-16,083-084,"Corporate Development Bank Limited has published a notice regarding new interest rate on deposit, loan and advances which is going to be effective from Ashwin 01, 2083",https://merolagani.com/AnnouncementDetail.aspx?id=67425,https://images.merolagani.com//Uploads/Repository/639251393071781414.gif,Development Banks/CORBL - Corporate Development Bank Limited/2026-09-16_CORBL_67425.gif
Development Banks,GBBL,Garima Bikas Bank Limited,67424,2026-09-16,083-084,"Garima Bikas Bank Limited has published a notice regarding the new interest rate for its deposits, loans & advances which is going to be effective from Ashwin 01, 2083",https://merolagani.com/AnnouncementDetail.aspx?id=67424,https://images.merolagani.com//Uploads/Repository/639251471665277702.gif,Development Banks/GBBL - Garima Bikas Bank Limited/2026-09-16_GBBL_67424.gif
Development Banks,GRDBL,Green Development Bank Ltd.,67423,2026-09-16,083-084,"Green Development Bank Limited has published a notice regarding new interest rate on deposit, loan & advance which is going to be effective from Ashwin 01, 2083",https://merolagani.com/AnnouncementDetail.aspx?id=67423,https://images.merolagani.com//Uploads/Repository/639251351081689096.gif,Development Banks/GRDBL - Green Development Bank Ltd/2026-09-16_GRDBL_67423.gif
Development Banks,JBBL,Jyoti Bikas Bank Limited,67422,2026-09-16,083-084,"Jyoti Bikas Bank Limited has published a notice regarding new interest rates on deposit, loan and advances which is going to be effective from Ashwin 01, 2083",https://merolagani.com/AnnouncementDetail.aspx?id=67422,https://images.merolagani.com//Uploads/Repository/639251493867112210.gif,Development Banks/JBBL - Jyoti Bikas Bank Limited/2026-09-16_JBBL_67422.gif
Development Banks,KSBBL,Kamana Sewa Bikas Bank Limited,67421,2026-09-16,083-084,"Kamana Sewa Bikas Bank Limited has published a notice regarding new interest rate on deposits, loans & advances which is going to be effective from Ashwin 01, 2083",https://merolagani.com/AnnouncementDetail.aspx?id=67421,https://images.merolagani.com//Uploads/Repository/639251421095025264.gif,Development Banks/KSBBL - Kamana Sewa Bikas Bank Limited/2026-09-16_KSBBL_67421.gif
Development Banks,LBBL,Lumbini Bikas Bank Ltd.,67420,2026-09-16,083-084,"Lumbini Bikash Bank Limited has published a notice regarding new interest rate on deposit and loan which is going to be effective from Ashwin 01, 2083",https://merolagani.com/AnnouncementDetail.aspx?id=67420,https://images.merolagani.com//Uploads/Repository/639251506860642368.gif,Development Banks/LBBL - Lumbini Bikas Bank Ltd/2026-09-16_LBBL_67420.gif
Development Banks,MLBL,Mahalaxmi Bikas Bank Ltd.,67419,2026-09-16,083-084,"Mahalaxmi Bikas Bank Limited has published a notice regarding new interest rate on deposit, loan & advances which is going to be effective from Ashwin 01, 2083",https://merolagani.com/AnnouncementDetail.aspx?id=67419,https://images.merolagani.com//Uploads/Repository/639251463343815465.gif,Development Banks/MLBL - Mahalaxmi Bikas Bank Ltd/2026-09-16_MLBL_67419.gif
Development Banks,MNBBL,Muktinath Bikas Bank Ltd.,67418,2026-09-16,083-084,"Muktinath Bikas Bank Limited has published a notice regarding new interest rate on deposits and loans which is going to be effectively from Ashwin 01, 2083",https://merolagani.com/AnnouncementDetail.aspx?id=67418,https://images.merolagani.com//Uploads/Repository/639251404219896088.gif,Development Banks/MNBBL - Muktinath Bikas Bank Ltd/2026-09-16_MNBBL_67418.gif
Development Banks,NABBC,Narayani Development Bank Limited,67417,2026-09-16,083-084,"Narayani Development Bank Limited has published a notice regarding interest rate on deposit, loan & advances which is going to be effective from Ashwin 01, 2083",https://merolagani.com/AnnouncementDetail.aspx?id=67417,https://images.merolagani.com//Uploads/Repository/639251502266744472.gif,Development Banks/NABBC - Narayani Development Bank Limited/2026-09-16_NABBC_67417.gif
Development Banks,SABBL,Salapa Bikas Bank Limited,67416,2026-09-16,083-084,"Salapa Bikas Bank Limited has published a notice regarding new interest rate on deposits and loans product which is going to be effective from Ashwin 01, 2083",https://merolagani.com/AnnouncementDetail.aspx?id=67416,https://images.merolagani.com//Uploads/Repository/639251420156134172.gif,Development Banks/SABBL - Salapa Bikas Bank Limited/2026-09-16_SABBL_67416.gif
Development Banks,SADBL,Shangrila Development Bank Ltd.,67415,2026-09-16,083-084,"Shangri-la Development Bank Limited has published a notice regarding its new interest rate on deposit and loan which is going to be effective from Ashwin 01, 2083",https://merolagani.com/AnnouncementDetail.aspx?id=67415,https://images.merolagani.com//Uploads/Repository/639251385131433610.gif,Development Banks/SADBL - Shangrila Development Bank Ltd/2026-09-16_SADBL_67415.gif
Development Banks,SHINE,Shine Resunga Development Bank Ltd.,67414,2026-09-16,083-084,"Shine Resunga Development Bank Limited has published a notice regarding a new interest rate on deposit, loan and advances which is going to be effective from Ashwin 01, 2083",https://merolagani.com/AnnouncementDetail.aspx?id=67414,https://images.merolagani.com//Uploads/Repository/639251504997347823.gif,Development Banks/SHINE - Shine Resunga Development Bank Ltd/2026-09-16_SHINE_67414.gif
Development Banks,SINDU,Sindhu Bikash Bank Ltd,67413,2026-09-16,083-084,"Sindu Bikas Bank Limited has published a notice regarding new interest rate on deposit and loan which is going to be effective from Ashwin 01, 2083",https://merolagani.com/AnnouncementDetail.aspx?id=67413,https://images.merolagani.com//Uploads/Repository/639251498551710161.gif,Development Banks/SINDU - Sindhu Bikash Bank Ltd/2026-09-16_SINDU_67413.gif
Commercial Banks,SCB,Standard Chartered Bank Limited,67526,2026-09-22,083-084,"Standard Chartered Bank Nepal Limited has published a notice regarding the amendments to the interest rate on fixed deposits which is going to be effective from Ashwin 01, 2083",https://merolagani.com/AnnouncementDetail.aspx?id=67526,https://images.merolagani.com//Uploads/Repository/639256595187332732.gif,Commercial Banks/SCB - Standard Chartered Bank Limited/2026-09-22_SCB_67526.gif
Commercial Banks,EBL,Everest Bank Limited,67385,2026-09-17,083-084,"Everest Bank Limited has made correction on its new interest rate on normal fixed deposit (NPR) which is going to be effective from Ashwin 01, 2083",https://merolagani.com/AnnouncementDetail.aspx?id=67385,https://images.merolagani.com//Uploads/Repository/639252232554676832.gif,Commercial Banks/EBL - Everest Bank Limited/2026-09-17_EBL_67385.gif
Commercial Banks,ADBL,Agriculture Development Bank Limited,67446,2026-09-16,083-084,"Agricultural Development Bank Limited has published a notice regarding new interest rate on deposit and loan which is going to be effective from Ashwin 01, 2083",https://merolagani.com/AnnouncementDetail.aspx?id=67446,https://images.merolagani.com//Uploads/Repository/639251515389644709.gif,Commercial Banks/ADBL - Agriculture Development Bank Limited/2026-09-16_ADBL_67446.gif
Commercial Banks,CZBIL,Citizen Bank International Limited,67445,2026-09-16,083-084,"Citizens Bank International Limited has published a notice regarding new interest rate on deposit and loan products which is going to be effective from Ashwin 01, 2083",https://merolagani.com/AnnouncementDetail.aspx?id=67445,https://images.merolagani.com//Uploads/Repository/639251431401150188.gif,Commercial Banks/CZBIL - Citizen Bank International Limited/2026-09-16_CZBIL_67445.gif
Commercial Banks,GBIME,Global IME Bank Limited,67443,2026-09-16,083-084,"Global IME Bank Limited has published a notice regarding new interest rate on deposit loans and advances which is going to be effective from Ashwin 01, 2083",https://merolagani.com/AnnouncementDetail.aspx?id=67443,https://images.merolagani.com//Uploads/Repository/639251393302581579.gif,Commercial Banks/GBIME - Global IME Bank Limited/2026-09-16_GBIME_67443.gif
Commercial Banks,HBL,Himalayan Bank Limited,67442,2026-09-16,083-084,"Himalayan Bank Limited has published a notice regarding new interest rate on various deposit and loan products which is going to be effective from Ashwin 01, 2083",https://merolagani.com/AnnouncementDetail.aspx?id=67442,https://images.merolagani.com//Uploads/Repository/639251405773086161.gif,Commercial Banks/HBL - Himalayan Bank Limited/2026-09-16_HBL_67442.gif
Commercial Banks,KBL,Kumari Bank Limited,67441,2026-09-16,083-084,"Kumari Bank Limited has published a notice regarding the new interest rate on deposit, loan and advance which is going to be effective from Ashwin 01, 2083",https://merolagani.com/AnnouncementDetail.aspx?id=67441,https://images.merolagani.com//Uploads/Repository/639251462034158861.gif,Commercial Banks/KBL - Kumari Bank Limited/2026-09-16_KBL_67441.gif
Commercial Banks,LSL,Laxmi Sunrise Bank Limited,67440,2026-09-16,083-084,"Laxmi Sunrise Bank Limited has published a notice regarding new interest rate on deposits which is going to be effective from Ashwin 01, 2083",https://merolagani.com/AnnouncementDetail.aspx?id=67440,https://images.merolagani.com//Uploads/Repository/639251493598507041.gif,Commercial Banks/LSL - Laxmi Sunrise Bank Limited/2026-09-16_LSL_67440.gif
Commercial Banks,MBL,Machhapuchchhre Bank Limited,67439,2026-09-16,083-084,"Machhapuchchhre Bank Limited has published a notice regarding the new interest rate on Deposit and loan which is going to be effective from Ashwin 01, 2083",https://merolagani.com/AnnouncementDetail.aspx?id=67439,https://images.merolagani.com//Uploads/Repository/639251386414460287.gif,Commercial Banks/MBL - Machhapuchchhre Bank Limited/2026-09-16_MBL_67439.gif
Commercial Banks,NABIL,Nabil Bank Limited,67438,2026-09-16,083-084,"Nabil Bank Limited published a notice regarding the new interest rate on deposits and loans which is going to be effective from Ashwin 01, 2083",https://merolagani.com/AnnouncementDetail.aspx?id=67438,https://images.merolagani.com//Uploads/Repository/639251403164100022.gif,Commercial Banks/NABIL - Nabil Bank Limited/2026-09-16_NABIL_67438.gif
Commercial Banks,NBL,Nepal Bank Limited,67437,2026-09-16,083-084,"Nepal Bank Limited has published a notice regarding new interest rate on deposits, loans and advances which is going to be effective from Ashwin 01, 2083",https://merolagani.com/AnnouncementDetail.aspx?id=67437,https://images.merolagani.com//Uploads/Repository/639251354794513597.gif,Commercial Banks/NBL - Nepal Bank Limited/2026-09-16_NBL_67437.gif
Commercial Banks,NICA,NIC Asia Bank Ltd.,67436,2026-09-16,083-084,"NIC Asia Bank Limited has published a notice regarding new interest rate on deposit, loan and advances which is going to be effective from Ashwin 01, 2083",https://merolagani.com/AnnouncementDetail.aspx?id=67436,https://images.merolagani.com//Uploads/Repository/639251400983164097.gif,Commercial Banks/NICA - NIC Asia Bank Ltd/2026-09-16_NICA_67436.gif
Commercial Banks,NIMB,Nepal Investment Mega Bank Limited,67435,2026-09-16,083-084,"Nepal Investment Mega Bank Limited has published a notice regarding new interest rate on deposits, loans and advances which is going to be effective from Ashwin 01, 2083",https://merolagani.com/AnnouncementDetail.aspx?id=67435,https://images.merolagani.com//Uploads/Repository/639251495250546612.gif,Commercial Banks/NIMB - Nepal Investment Mega Bank Limited/2026-09-16_NIMB_67435.gif
Commercial Banks,NMB,NMB Bank Limited,67434,2026-09-16,083-084,"NMB Bank Limited has published a notice regarding new interest rate on deposit and loan products which is going to be effective from Ashwin 01, 2083",https://merolagani.com/AnnouncementDetail.aspx?id=67434,https://images.merolagani.com//Uploads/Repository/639251392803077083.gif,Commercial Banks/NMB - NMB Bank Limited/2026-09-16_NMB_67434.gif
Commercial Banks,PCBL,Prime Commercial Bank Ltd.,67433,2026-09-16,083-084,"Prime Commercial Bank Limited has published a notice regarding new interest rate on deposit and lending rates which is going to be effective from Ashwin 01, 2083",https://merolagani.com/AnnouncementDetail.aspx?id=67433,https://images.merolagani.com//Uploads/Repository/639251399380764446.gif,Commercial Banks/PCBL - Prime Commercial Bank Ltd/2026-09-16_PCBL_67433.gif
Commercial Banks,PRVU,Prabhu Bank Limited,67432,2026-09-16,083-084,"Prabhu Bank Limited has published a notice regarding new interest rate on deposit and lending rates which is going to be effective from Ashwin 01, 2083",https://merolagani.com/AnnouncementDetail.aspx?id=67432,https://images.merolagani.com//Uploads/Repository/639251469322640583.gif,Commercial Banks/PRVU - Prabhu Bank Limited/2026-09-16_PRVU_67432.gif
Commercial Banks,RBB,Rastriya Banijya Bank Limited,67430,2026-09-16,083-084,"Rastriya Banijya Bank Limited has published a notice regarding new interest rate on deposit and loan which is going to be effective from Ashwin 01, 2083",https://merolagani.com/AnnouncementDetail.aspx?id=67430,https://images.merolagani.com//Uploads/Repository/639251397729856069.gif,Commercial Banks/RBB - Rastriya Banijya Bank Limited/2026-09-16_RBB_67430.gif
Commercial Banks,SANIMA,Sanima Bank Limited,67429,2026-09-16,083-084,"Sanima Bank Limited has published a notice regarding new interest rate on deposit and loan which is going to be effective from Ashwin 01, 2083",https://merolagani.com/AnnouncementDetail.aspx?id=67429,https://images.merolagani.com//Uploads/Repository/639251473621869663.gif,Commercial Banks/SANIMA - Sanima Bank Limited/2026-09-16_SANIMA_67429.gif
Commercial Banks,SBI,Nepal SBI Bank Limited,67428,2026-09-16,083-084,"Nepal SBI Bank Limited has published a notice regarding new interest rate on deposits, loans & advances which is going to be effective from Ashwin 01, 2083",https://merolagani.com/AnnouncementDetail.aspx?id=67428,https://images.merolagani.com//Uploads/Repository/639251390347514439.gif,Commercial Banks/SBI - Nepal SBI Bank Limited/2026-09-16_SBI_67428.gif
Commercial Banks,SBL,Siddhartha Bank Limited,67427,2026-09-16,083-084,"Siddhartha Bank Limited has published a notice regarding the new interest rate on deposits, loans and advances which is going to be effective from Ashwin 01, 2083",https://merolagani.com/AnnouncementDetail.aspx?id=67427,https://images.merolagani.com//Uploads/Repository/639251418508388980.gif,Commercial Banks/SBL - Siddhartha Bank Limited/2026-09-16_SBL_67427.gif
